GameDate,Stadium,Status,StartTime,HomeTeam,AwayTeam,HomeScore,AwayScore,HomePitcher,AwayPitcher,WinPitcher,SavePitcher,LosePitcher
20250322,잠실,경기종료,14:00,LG,롯데,12,2,,,치리노스,,반즈
20250322,문학,경기종료,14:00,SSG,두산,6,5,,,조병현,,이영하
20250322,대구,경기종료,14:00,삼성,키움,13,5,,,후라도,,로젠버그
20250322,수원,경기종료,14:00,KT,한화,3,4,,,박상원,주현상,김민수
20250322,광주,경기종료,14:00,KIA,NC,9,2,,,전상현,,전사민
20250323,잠실,경기종료,14:00,LG,롯데,10,2,,,손주영,,박세웅
20250323,문학,경기종료,14:00,SSG,두산,5,2,,,김광현,조병현,잭로그
20250323,대구,경기종료,14:00,삼성,키움,11,7,,,양창섭,김재윤,하영민
20250323,수원,경기종료,14:00,KT,한화,5,4,,,손동현,,한승혁
20250323,광주,경기종료,14:00,KIA,NC,4,5,,,라일리,류진욱,양현종
20250325,잠실,경기종료,18:30,LG,한화,5,0,,,에르난데스,,박상원
20250325,문학,경기종료,18:30,SSG,롯데,2,3,,,박준우,박진,조병현
20250325,대구,경기종료,18:30,삼성,NC,14,5,,,최원태,,최성영
20250325,수원,경기종료,18:30,KT,두산,8,3,,,김민수,,김호준
20250325,광주,경기종료,18:30,KIA,키움,11,6,,,올러,,김윤하
20250326,잠실,경기종료,18:30,LG,한화,4,0,,,임찬규,,엄상백
20250326,문학,경기종료,18:30,SSG,롯데,3,1,,,송영진,노경은,김진욱
20250326,대구,경기종료,18:30,삼성,NC,6,8,,,신민혁,,이승현
20250326,수원,경기종료,18:30,KT,두산,2,3,,,최용,김택연,소형준
20250326,광주,경기종료,18:30,KIA,키움,10,17,,,정현우,,윤영철
20250327,잠실,경기종료,18:30,LG,한화,2,1,,,박명근,김강률,한승혁
20250327,문학,경기종료,18:30,SSG,롯데,5,2,,,김건우,조병현,박준우
20250327,대구,경기종료,18:30,삼성,NC,5,11,,,손주환,,이재희
20250327,수원,경기종료,18:30,KT,두산,4,3,,,오원석,박영현,김유성
20250327,광주,경기종료,18:30,KIA,키움,3,5,,,주우,박윤성,정해영
20250328,잠실,경기종료,18:30,두산,삼성,2,0,,,콜어빈,김택연,후라도
20250328,사직,경기종료,18:30,롯데,KT,0,2,,,헤이수스,박영현,반즈
20250328,창원,경기종료,18:30,NC,LG,4,8,,,백현,이지강,한재승
20250328,고척,경기종료,18:30,키움,SSG,9,3,,,로젠버그,,앤더슨
20250328,대전(신),경기종료,18:30,한화,KIA,7,2,,,폰세,,전상현
20250329,고척,경기종료,14:00,키움,SSG,3,1,,,하영민,주승우,김광현
20250329,대전(신),경기종료,14:00,한화,KIA,5,4,,,김종수,김서현,조상우
20250329,잠실,경기종료,17:00,두산,삼성,2,13,,,김태훈,,잭로그
20250329,사직,경기종료,17:00,롯데,KT,3,1,,,박세웅,김원중,쿠에바스
20250329,창원,경기종료,17:00,NC,LG,4,14,,,손주영,,라일리
20250330,잠실,경기종료,14:00,두산,삼성,2,3,,,레예스,김재윤,최원준
20250330,사직,경기종료,14:00,롯데,KT,4,4,,,,,
20250330,창원,경기취소,14:00,NC,LG,,,김태경,에르난데스,,,
20250330,고척,경기종료,14:00,키움,SSG,2,8,,,문원,,김윤하
20250330,대전(신),경기종료,14:00,한화,KIA,3,5,,,황동하,정해영,이태양
20250401,잠실,경기취소,18:30,두산,키움,,,최승용,정현우,,,
20250401,창원,경기취소,18:30,NC,SSG,,,신민혁,송영진,,,
20250401,수원,경기취소,18:30,KT,LG,,,소형준,에르난데스,,,
20250401,광주,경기취소,18:30,KIA,삼성,,,윤영철,최원태,,,
20250401,대전(신),경기취소,18:30,한화,롯데,,,엄상백,김진욱,,,
20250402,잠실,경기종료,18:30,두산,키움,5,3,,,이영하,김택연,박윤성
20250402,창원,경기취소,18:30,NC,SSG,,,,,,,
20250402,수원,경기종료,18:30,KT,LG,9,5,,,김민수,,에르난데스
20250402,광주,경기종료,18:30,KIA,삼성,2,4,,,백정현,김재윤,전상현
20250402,대전(신),경기종료,18:30,한화,롯데,2,6,,,김진욱,,문동주
20250403,잠실,경기종료,18:30,두산,키움,6,1,,,콜어빈,,로젠버그
20250403,창원,경기취소,18:30,NC,SSG,,,,,,,
20250403,수원,경기종료,18:30,KT,LG,1,5,,,임찬규,박명근,헤이수스
20250403,광주,경기종료,18:30,KIA,삼성,3,1,,,네일,정해영,후라도
20250403,대전(신),경기종료,18:30,한화,롯데,2,4,,,박진,김원중,박상원
20250404,잠실,경기종료,18:30,LG,KIA,8,2,,,송기,,양현종
20250404,문학,경기종료,18:30,SSG,KT,3,2,,,한두솔,,최동환
20250404,사직,경기종료,18:30,롯데,두산,3,15,,,잭로그,,반즈
20250404,대구,경기종료,18:30,삼성,한화,5,0,,,원태인,,와이스
20250404,고척,경기종료,18:30,키움,NC,5,1,,,하영민,주승우,로건
20250405,잠실,경기취소,14:00,LG,KIA,,,치리노스,올러,,,
20250405,대구,경기종료,14:00,삼성,한화,6,7,,,박상원,김서현,김재윤
20250405,문학,경기취소,17:00,SSG,KT,,,문승원,고영표,,,
20250405,사직,경기종료,17:00,롯데,두산,6,1,,,박세웅,,최원준
20250405,고척,경기종료,17:00,키움,NC,5,7,,,최성영,류진욱,김성민
20250406,잠실,경기종료,14:00,LG,KIA,5,1,,,치리노스,,올러
20250406,문학,경기종료,14:00,SSG,KT,1,0,,,조병현,,박영현
20250406,사직,경기종료,14:00,롯데,두산,12,15,,,홍민규,김택연,박준우
20250406,대구,경기종료,14:00,삼성,한화,10,0,,,레예스,,엄상백
20250406,고척,경기종료,14:00,키움,NC,2,8,,,전사민,,김선기
20250408,잠실,경기종료,18:30,두산,한화,6,5,,,최지강,,이상규
20250408,사직,경기종료,18:30,롯데,KIA,4,5,,,조상우,정해영,정철원
20250408,대구,경기종료,18:30,삼성,SSG,7,3,,,최원태,,송영진
20250408,수원,경기종료,18:30,KT,NC,3,2,,,고영표,박영현,목지훈
20250408,고척,경기종료,18:30,키움,LG,1,13,,,손주영,,윤현
20250409,잠실,경기종료,18:30,두산,한화,4,5,,,폰세,김서현,콜어빈
20250409,사직,경기종료,18:30,롯데,KIA,1,3,,,네일,정해영,나균안
20250409,대구,경기종료,18:30,삼성,SSG,1,3,,,조병현,한두솔,이호성
20250409,수원,경기종료,18:30,KT,NC,4,1,,,손동현,박영현,로건
20250409,고척,경기종료,18:30,키움,LG,4,0,,,로젠버그,주승우,에르난데스
20250410,잠실,경기종료,18:30,두산,한화,2,7,,,와이스,,잭로그
20250410,사직,경기종료,18:30,롯데,KIA,8,3,,,반즈,김원중,윤영철
20250410,대구,경기종료,18:30,삼성,SSG,3,2,,,김재윤,,김건우
20250410,수원,경기종료,18:30,KT,NC,0,7,,,라일리,,오원석
20250410,고척,경기종료,18:30,키움,LG,3,7,,,임찬규,,하영민
20250411,잠실,경기종료,18:30,LG,두산,5,2,,,김강률,장현식,최지강
20250411,사직,경기종료,18:30,NC,롯데,5,7,,,박세웅,김원중,전사민
20250411,수원,경기종료,18:30,KT,삼성,5,3,,,쿠에바스,박영현,이승현
20250411,광주,경기종료,18:30,KIA,SSG,3,9,,,최민준,,양현종
20250411,대전(신),경기종료,18:30,한화,키움,12,2,,,류현진,,김윤하
20250412,잠실,경기종료,14:00,LG,두산,4,0,,,치리노스,,김유성
20250412,수원,경기취소,14:00,KT,삼성,,,문용익,레예스,,,
20250412,사직,경기종료,17:00,NC,롯데,0,2,,,데이비슨,김상수,신민혁
20250412,광주,경기취소,17:00,KIA,SSG,,,올러,문승원,,,
20250412,대전(신),경기종료,17:00,한화,키움,2,6,,,정현우,,엄상백
20250413,잠실,경기종료,14:00,LG,두산,2,9,,,박치국,,손주영
20250413,사직,경기종료,14:00,NC,롯데,9,6,,,손주환,류진욱,김진욱
20250413,수원,경기종료,14:00,KT,삼성,6,5,,,소형준,박영현,레예스
20250413,광주,경기종료,14:00,KIA,SSG,11,5,,,올러,,문승원
20250413,대전(신),경기종료,14:00,한화,키움,7,1,,,문동주,,조영건
20250415,잠실,경기종료,18:30,LG,삼성,3,0,,,에르난데스,장현식,후라도
20250415,문학,경기종료,18:30,SSG,한화,0,2,,,폰세,김서현,앤더슨
20250415,사직,경기종료,18:30,롯데,키움,8,6,,,정철원,김원중,박윤성
20250415,창원,경기취소,18:30,NC,두산,,,,,,,
20250415,광주,경기종료,18:30,KIA,KT,1,0,,,조상우,정해영,원상현
20250416,잠실,경기종료,18:30,LG,삼성,12,2,,,임찬규,,최원태
20250416,문학,경기종료,18:30,SSG,한화,4,10,,,와이스,,김광현
20250416,사직,경기종료,18:30,롯데,키움,6,4,,,반즈,김원중,하영민
20250416,창원,경기취소,18:30,NC,두산,,,,,,,
20250416,광주,경기종료,18:30,KIA,KT,0,3,,,오원석,박영현,김도현
20250417,잠실,경기종료,18:30,LG,삼성,3,6,,,원태인,김재윤,송승기
20250417,문학,경기종료,18:30,SSG,한화,2,4,,,류현진,김서현,이로운
20250417,사직,경기종료,18:30,롯데,키움,7,1,,,박세웅,,김윤하
20250417,창원,경기취소,18:30,NC,두산,,,,,,,
20250417,광주,경기종료,18:30,KIA,KT,5,4,,,정해영,,박영현
20250418,잠실,경기종료,18:30,두산,KIA,7,1,,,콜어빈,,윤영철
20250418,문학,경기종료,18:30,SSG,LG,1,5,,,치리노스,,박종훈
20250418,대구,경기종료,18:30,삼성,롯데,1,8,,,데이비슨,,이승현
20250418,고척,경기종료,18:30,키움,KT,4,3,,,주우,,우규민
20250418,대전(신),경기종료,18:30,한화,NC,12,4,,,엄상백,,로건
20250419,잠실,경기종료,14:00,두산,KIA,4,8,,,올러,정해영,이영하
20250419,문학,경기종료,14:00,SSG,LG,4,11,,,이지강,,송영진
20250419,대구,경기종료,17:00,삼성,롯데,10,3,,,이호성,,김진욱
20250419,고척,경기종료,17:00,키움,KT,1,11,,,소형준,,김선기
20250419,대전(신),경기종료,17:00,한화,NC,7,2,,,문동주,,라일리
20250420,잠실,경기종료,14:00,두산,KIA,2,6,,,최지민,,최지강
20250420,문학,경기종료,14:00,SSG,LG,9,3,,,앤더슨,,김주온
20250420,대구,경기종료,14:00,삼성,롯데,3,4,,,정철원,김원중,이재희
20250420,고척,경기종료,14:00,키움,KT,0,5,,,고영표,,로젠버그
20250420,대전(신),경기종료,14:00,한화,NC,7,1,,,폰세,,이용찬
20250422,잠실,경기종료,18:30,LG,NC,5,6,,,류진욱,배재환,장현식
20250422,사직,경기취소,18:30,롯데,한화,,,반즈,와이스,,,
20250422,대구,경기취소,18:30,삼성,KIA,,,최원태,김도현,,,
20250422,수원,경기종료,18:30,KT,SSG,9,3,,,오원석,,김광현
20250422,고척,경기종료,18:30,키움,두산,5,4,,,하영민,주승우,최승용
20250423,잠실,경기종료,18:30,LG,NC,3,0,,,송기,장현식,로건
20250423,사직,경기종료,18:30,롯데,한화,4,6,,,와이스,김서현,반즈
20250423,대구,경기종료,18:30,삼성,KIA,7,2,,,최원태,,김도현
20250423,수원,경기종료,18:30,KT,SSG,5,11,,,화이트,,쿠에바스
20250423,고척,경기종료,18:30,키움,두산,2,8,,,최준호,,김윤하
20250424,잠실,경기종료,18:30,LG,NC,1,3,,,라일리,류진욱,치리노스
20250424,사직,경기종료,18:30,롯데,한화,5,3,,,박세웅,김원중,류현진
20250424,대구,경기종료,18:30,삼성,KIA,17,5,,,원태인,,황동하
20250424,수원,경기종료,18:30,KT,SSG,5,6,,,문원,조병현,강건
20250424,고척,경기종료,18:30,키움,두산,3,9,,,콜어빈,홍민규,김연주
20250425,잠실,경기종료,18:30,두산,롯데,2,8,,,데이비슨,,최원준
20250425,문학,경기종료,18:30,SSG,키움,4,3,,,한두솔,조병현,박윤성
20250425,대구,경기종료,18:30,삼성,NC,10,6,,,이민,,손주환
20250425,광주,경기종료,18:30,KIA,LG,5,6,,,김영우,장현식,조상우
20250425,대전(신),경기종료,18:30,한화,KT,1,2,,,손동현,박영현,김서현
20250426,잠실,경기종료,14:00,두산,롯데,4,7,,,박시영,,최지강
20250426,광주,경기종료,14:00,KIA,LG,8,4,,,올러,,이지강
20250426,문학,경기종료,17:00,SSG,키움,1,2,,,윤현,주승우,김건우
20250426,대구,경기종료,17:00,삼성,NC,9,1,,,후라도,,이용찬
20250426,대전(신),경기종료,17:00,한화,KT,2,1,,,문동주,김서현,고영표
20250427,잠실,경기종료,14:00,두산,롯데,13,4,,,최용,,박진
20250427,문학,경기종료,14:00,SSG,키움,3,7,,,하영민,,김광현
20250427,대구,경기종료,14:00,삼성,NC,8,4,,,레예스,,신민혁
20250427,광주,경기종료,14:00,KIA,LG,3,2,,,전상현,정해영,임찬규
20250427,대전(신),경기종료,14:00,한화,KT,4,3,,,폰세,김범수,오원석
20250429,잠실,경기종료,18:30,두산,KT,2,3,,,쿠에바스,박영현,최준호
20250429,문학,경기종료,18:30,SSG,삼성,1,3,,,이호성,김재윤,노경은
20250429,광주,경기종료,18:30,KIA,NC,13,3,,,김도현,,로건
20250429,고척,경기종료,18:30,키움,롯데,3,9,,,반즈,,김윤하
20250429,대전(신),경기종료,18:30,한화,LG,3,2,,,와이스,김서현,송승기
20250430,잠실,경기종료,18:30,두산,KT,3,8,,,헤이수스,,콜어빈
20250430,문학,경기종료,18:30,SSG,삼성,6,6,,,,,
20250430,광주,경기종료,18:30,KIA,NC,0,7,,,라일리,,황동하
20250430,고척,경기종료,18:30,키움,롯데,9,10,,,박세웅,김원중,김선기
20250430,대전(신),경기종료,18:30,한화,LG,5,2,,,류현진,김서현,김진성
20250501,잠실,경기종료,18:30,두산,KT,3,3,,,,,
20250501,문학,경기종료,18:30,SSG,삼성,4,1,,,송영진,조병현,이승현
20250501,광주,경기취소,18:30,KIA,NC,,,양현종,김녹원,,,
20250501,고척,경기종료,18:30,키움,롯데,0,5,,,데이비슨,,조영건
20250501,대전(신),경기취소,18:30,한화,LG,,,엄상백,손주영,,,
20250502,잠실,경기종료,18:30,LG,SSG,1,2,,,앤더슨,노경은,손주영
20250502,사직,경기종료,18:30,롯데,NC,4,3,,,김원중,김상수,전사민
20250502,대구,경기종료,18:30,삼성,두산,6,2,,,이호성,,고효준
20250502,수원,경기종료,18:30,KT,키움,3,5,,,로젠버그,주승우,고영표
20250502,광주,경기종료,18:30,KIA,한화,2,3,,,정우주,,임기영
20250503,광주,경기취소,14:00,KIA,한화,,,네일,문동주,,,
20250503,잠실,경기종료,17:00,LG,SSG,4,1,,,임찬규,장현식,김광현
20250503,사직,경기종료,17:00,롯데,NC,4,13,,,손주환,,김강현
20250503,대구,경기종료,17:00,삼성,두산,1,6,,,최용,,레예스
20250503,수원,경기종료,17:00,KT,키움,9,0,,,오원석,,하영민
20250504,잠실,경기종료,14:00,LG,SSG,12,4,,,코엔 윈,,박종훈
20250504,사직,경기종료,14:00,롯데,NC,6,9,,,전사민,류진욱,구승민
20250504,대구,경기종료,14:00,삼성,두산,6,11,,,홍민규,,정민성
20250504,수원,경기종료,14:00,KT,키움,5,4,,,김민수,박영현,박윤성
20250504,광주,경기종료,14:00,KIA,한화,1,3,,,폰세,김서현,조상우
20250505,잠실,경기종료,14:00,두산,LG,5,2,,,콜어빈,김택연,송승기
20250505,사직,경기종료,14:00,롯데,SSG,1,7,,,화이트,,이민석
20250505,수원,경기종료,14:00,KT,NC,2,6,,,로건,,조이현
20250505,고척,경기종료,14:00,키움,KIA,1,13,,,양현종,,김윤하
20250505,대전(신),경기종료,14:00,한화,삼성,3,1,,,와이스,김서현,최원태
20250506,잠실,경기종료,14:00,두산,LG,1,5,,,치리노스,,최원준
20250506,사직,경기종료,14:00,롯데,SSG,6,0,,,박세웅,,문승원
20250506,수원,경기종료,14:00,KT,NC,3,6,,,라일리,류진욱,헤이수스
20250506,고척,경기종료,14:00,키움,KIA,3,5,,,이준영,정해영,박윤성
20250506,대전(신),경기종료,14:00,한화,삼성,3,1,,,류현진,한승혁,원태인
20250507,잠실,경기종료,18:30,두산,LG,5,2,,,잭로그,김택연,박명근
20250507,사직,경기종료,18:30,롯데,SSG,6,2,,,데이비슨,,송영진
20250507,수원,경기종료,18:30,KT,NC,2,12,,,목지훈,,소형준
20250507,고척,경기종료,18:30,키움,KIA,11,10,,,윤현,주승우,정해영
20250507,대전(신),경기종료,18:30,한화,삼성,10,6,,,문동주,,이승현
20250509,잠실,경기취소,18:30,두산,NC,,,최승용,신민혁,,,
20250509,문학,경기취소,18:30,SSG,KIA,,,앤더슨,올러,,,
20250509,대구,경기취소,18:30,삼성,LG,,,후라도,손주영,,,
20250509,수원,경기취소,18:30,KT,롯데,,,고영표,나균안,,,
20250509,고척,경기종료,18:30,키움,한화,5,7,,,한혁,김서현,주승우
20250510,고척,경기종료,14:00,키움,한화,1,9,,,폰세,,김선기
20250510,잠실,경기종료,17:00,두산,NC,6,6,,,,,
20250510,문학,경기종료,17:00,SSG,KIA,4,5,,,조상우,정해영,노경은
20250510,수원,경기종료,17:00,KT,롯데,5,8,,,김강현,김원중,고영표
20250510,잠실,경기취소,14:00,두산,NC,,,최승용,신민혁,,,
20250510,문학,,,SSG,KIA,,,,,,,
20250510,대구,,,삼성,LG,,,,,,,
20250510,수원,,,KT,롯데,,,,,,,
20250510,대구,,,삼성,LG,,,,,,,
20250511,대구,경기종료,14:00,삼성,LG,4,7,,,박명근,장현식,김태훈
20250511,고척,경기종료,14:00,키움,한화,0,8,,,와이스,,김윤하
20250511,잠실,경기종료,14:00,두산,NC,5,11,,,로건,전사민,콜어빈
20250511,문학,경기종료,14:00,SSG,KIA,8,4,,,화이트,,네일
20250511,수원,경기종료,14:00,KT,롯데,1,6,,,박세웅,,쿠에바스
20250511,잠실,,,두산,NC,,,,,,,
20250511,문학,,,SSG,KIA,,,,,,,
20250511,수원,,,KT,롯데,,,,,,,
20250513,잠실,경기종료,18:30,LG,키움,9,6,,,김진성,박명근,이준우
20250513,문학,경기종료,18:30,SSG,NC,6,3,,,이로운,조병현,배재환
20250513,광주,경기종료,18:30,KIA,롯데,4,1,,,김도현,정해영,데이비슨
20250513,대전(신),경기종료,18:30,한화,두산,3,4,,,이영하,박치국,김종수
20250513,포항,경기종료,18:30,삼성,KT,5,3,,,이현,이호성,헤이수스
20250514,잠실,경기종료,18:30,LG,키움,12,0,,,송기,,로젠버그
20250514,문학,경기종료,18:30,SSG,NC,3,6,,,목지훈,류진욱,송영진
20250514,광주,경기종료,18:30,KIA,롯데,0,4,,,정현수,,윤영철
20250514,대전(신),경기종료,18:30,한화,두산,1,7,,,김민규,,문동주
20250514,포항,경기종료,18:30,삼성,KT,2,3,,,소형준,박영현,원태인
20250515,잠실,경기종료,18:30,LG,키움,6,2,,,임찬규,,하영민
20250515,문학,경기종료,18:30,SSG,NC,4,0,,,앤더슨,,신민혁
20250515,광주,경기종료,18:30,KIA,롯데,7,6,,,올러,정해영,나균안
20250515,대전(신),경기종료,18:30,한화,두산,2,8,,,박정수,,엄상백
20250515,포항,경기종료,18:30,삼성,KT,13,0,,,후라도,,고영표
20250516,잠실,경기취소,18:30,LG,KT,,,손주영,쿠에바스,,,
20250516,사직,경기취소,18:30,롯데,삼성,,,이민석,레예스,,,
20250516,광주,경기취소,18:30,KIA,두산,,,네일,홍민규,,,
20250516,대전(신),경기취소,18:30,한화,SSG,,,폰세,김광현,,,
20250516,울산,경기취소,18:30,NC,키움,,,최성영,김기,,,
20250517,잠실,경기종료,14:00,LG,KT,4,12,,,오원석,박영현,손주영
20250517,사직,경기종료,14:00,롯데,삼성,7,5,,,송재영,김원중,김재윤
20250517,광주,경기종료,14:00,KIA,두산,5,2,,,네일,정해영,콜어빈
20250517,대전(신),경기종료,14:00,한화,SSG,1,0,,,폰세,김서현,김광현
20250517,울산,경기종료,14:00,NC,키움,3,2,,,손주환,류진욱,이준우
20250517,잠실,,,LG,KT,,,,,,,
20250517,사직,,,롯데,삼성,,,,,,,
20250517,광주,,,KIA,두산,,,,,,,
20250517,대전(신),,,한화,SSG,,,,,,,
20250517,울산,,,NC,키움,,,,,,,
20250518,잠실,경기종료,14:00,LG,KT,5,1,,,치리노스,김진성,헤이수스
20250518,사직,경기종료,14:00,롯데,삼성,6,3,,,데이비슨,김원중,이승현
20250518,광주,경기종료,14:00,KIA,두산,5,4,,,전상현,,박치국
20250518,대전(신),경기종료,14:00,한화,SSG,3,7,,,문원,,류현진
20250518,울산,경기종료,14:00,NC,키움,5,0,,,라일리,,이강준
20250520,잠실,경기종료,18:30,두산,SSG,3,5,,,이로운,조병현,잭로그
20250520,사직,경기종료,18:30,롯데,LG,9,17,,,송기,,윤성빈
20250520,수원,경기종료,18:30,KT,KIA,5,3,,,조이현,박영현,윤영철
20250520,고척,경기종료,18:30,키움,삼성,3,6,,,백정현,,이강준
20250520,울산,경기종료,18:30,NC,한화,1,4,,,문동주,김서현,목지훈
20250521,잠실,경기종료,18:30,두산,SSG,1,9,,,앤더슨,,최민석
20250521,사직,경기종료,18:30,롯데,LG,7,7,,,,,
20250521,수원,경기종료,18:30,KT,KIA,3,1,,,고영표,박영현,올러
20250521,고척,경기종료,18:30,키움,삼성,1,6,,,후라도,,하영민
20250521,울산,경기종료,18:30,NC,한화,5,2,,,신민혁,류진욱,김종수
20250522,잠실,경기종료,18:30,두산,SSG,6,5,,,최지강,김택연,김민
20250522,사직,경기종료,18:30,롯데,LG,11,4,,,이민석,,코엔 윈
20250522,수원,경기종료,18:30,KT,KIA,3,8,,,양현종,,쿠에바스
20250522,고척,경기종료,18:30,키움,삼성,0,2,,,레예스,이호성,양지율
20250522,울산,경기종료,18:30,NC,한화,4,3,,,김진호,류진욱,김종수
20250523,잠실,경기종료,18:30,두산,NC,1,1,,,,,
20250523,문학,경기종료,18:30,SSG,LG,2,3,,,손주영,박명근,화이트
20250523,대구,경기종료,18:30,삼성,KIA,6,7,,,최지민,정해영,김재윤
20250523,고척,경기종료,18:30,키움,KT,5,7,,,오원석,박영현,김윤하
20250523,대전(신),경기종료,18:30,한화,롯데,4,2,,,와이스,김서현,박세웅
20250524,고척,경기종료,14:00,키움,KT,4,10,,,헤이수스,,조영건
20250524,대전(신),경기종료,14:00,한화,롯데,6,8,,,김원중,,김종수
20250524,잠실,경기종료,17:00,두산,NC,1,5,,,라일리,,최원준
20250524,문학,경기종료,17:00,SSG,LG,5,4,,,조병현,,김진성
20250524,대구,경기종료,17:00,삼성,KIA,8,4,,,이호성,,최지민
20250525,잠실,경기종료,14:00,두산,NC,5,3,,,잭로그,김택연,전사민
20250525,문학,경기종료,14:00,SSG,LG,3,9,,,송기,,전영준
20250525,대구,경기종료,14:00,삼성,KIA,3,2,,,이호성,,조상우
20250525,고척,경기종료,14:00,키움,KT,0,2,,,소형준,박영현,김선기
20250525,대전(신),경기종료,14:00,한화,롯데,8,7,,,정우주,,김강현
20250527,잠실,경기종료,18:30,LG,한화,2,1,,,임찬규,박명근,황준서
20250527,문학,경기종료,18:30,SSG,NC,1,1,,,,,
20250527,대구,경기종료,18:30,삼성,롯데,7,3,,,후라도,,감보아
20250527,수원,경기종료,18:30,KT,두산,2,1,,,고영표,박영현,최승용
20250527,광주,경기종료,18:30,KIA,키움,7,5,,,이준영,,양지율
20250528,잠실,경기종료,18:30,LG,한화,5,6,,,박상원,조동욱,박명근
20250528,문학,경기종료,18:30,SSG,NC,13,5,,,김광현,,목지훈
20250528,대구,경기취소,18:30,삼성,롯데,,,레예스,나균안,,,
20250528,수원,경기종료,18:30,KT,두산,3,12,,,최민석,,쿠에바스
20250528,광주,경기종료,18:30,KIA,키움,13,7,,,윤중현,,원종현
20250529,잠실,경기종료,18:30,LG,한화,3,1,,,손주영,김영우,주현상
20250529,문학,경기종료,18:30,SSG,NC,6,5,,,박시후,조병현,로건
20250529,대구,경기종료,18:30,삼성,롯데,9,3,,,최원태,,박세웅
20250529,수원,경기종료,18:30,KT,두산,12,2,,,오원석,,콜어빈
20250529,광주,경기종료,18:30,KIA,키움,3,3,,,,,
20250530,잠실,경기종료,18:30,LG,삼성,3,4,,,김재윤,이호성,이우찬
20250530,사직,경기종료,18:30,롯데,SSG,6,5,,,정철원,김원중,이로운
20250530,창원,경기종료,18:30,NC,한화,1,7,,,류현진,,라일리
20250530,수원,경기종료,18:30,KT,KIA,3,1,,,헤이수스,박영현,김도현
20250530,고척,경기종료,18:30,키움,두산,4,9,,,이영하,,김성민
20250531,창원,경기종료,14:00,NC,한화,6,9,,,김서현,,류진욱
20250531,수원,경기종료,14:00,KT,KIA,5,1,,,박영현,,조상우
20250531,잠실,경기종료,17:00,LG,삼성,2,4,,,원태인,백정현,치리노스
20250531,사직,경기종료,17:00,롯데,SSG,1,4,,,박시후,조병현,나균안
20250531,고척,경기종료,17:00,키움,두산,1,0,,,로젠버그,원종현,잭로그
20250601,고척,경기종료,14:00,키움,두산,1,0,,,알칸타라,원종현,최승용
20250601,잠실,경기종료,17:00,LG,삼성,4,6,,,임창민,이호성,박명근
20250601,사직,경기종료,17:00,롯데,SSG,3,4,,,김민,조병현,김원중
20250601,창원,경기종료,17:00,NC,한화,16,5,,,손주환,,황준서
20250601,수원,경기종료,17:00,KT,KIA,3,5,,,올러,정해영,조이현
20250603,창원,경기종료,14:00,NC,LG,0,15,,,송기,,목지훈
20250603,대전(신),경기종료,14:00,한화,KT,10,1,,,폰세,,쿠에바스
20250603,잠실,경기종료,17:00,두산,KIA,3,11,,,양현종,,곽빈
20250603,문학,경기종료,17:00,SSG,삼성,6,4,,,김광현,조병현,후라도
20250603,사직,경기종료,17:00,롯데,키움,8,0,,,감보아,,김연주
20250604,잠실,경기종료,18:30,두산,KIA,3,8,,,네일,,이영하
20250604,문학,경기종료,18:30,SSG,삼성,4,1,,,김건우,,최원태
20250604,사직,경기종료,18:30,롯데,키움,6,9,,,김선기,원종현,박세웅
20250604,창원,경기종료,18:30,NC,LG,6,5,,,로건,류진욱,손주영
20250604,대전(신),경기종료,18:30,한화,KT,4,3,,,박상원,김서현,오원석
20250605,잠실,경기종료,18:30,두산,KIA,2,1,,,김택연,,정해영
20250605,문학,경기종료,18:30,SSG,삼성,1,3,,,이현,이호성,화이트
20250605,사직,경기종료,18:30,롯데,키움,5,10,,,하영민,,데이비슨
20250605,창원,경기종료,18:30,NC,LG,1,3,,,에르난데스,유영찬,라일리
20250605,대전(신),경기종료,18:30,한화,KT,0,7,,,헤이수스,,류현진
20250606,잠실,경기종료,17:00,두산,롯데,5,2,,,잭로그,양재훈,나균안
20250606,대구,경기종료,17:00,삼성,NC,7,3,,,원태인,,김녹원
20250606,수원,경기종료,17:00,KT,SSG,10,3,,,소형준,,전영준
20250606,광주,경기종료,17:00,KIA,한화,3,2,,,윤영철,정해영,엄상백
20250606,고척,경기종료,17:00,키움,LG,2,1,,,조영건,,김영우
20250607,잠실,경기종료,17:00,두산,롯데,4,9,,,이민석,,최승용
20250607,대구,경기종료,17:00,삼성,NC,7,11,,,김진호,,황동재
20250607,수원,경기종료,17:00,KT,SSG,3,2,,,고영표,박영현,앤더슨
20250607,광주,경기종료,17:00,KIA,한화,2,3,,,김종수,김범수,최지민
20250607,고척,경기종료,17:00,키움,LG,4,1,,,알칸타라,주승우,임찬규
20250608,고척,경기종료,14:00,키움,LG,2,7,,,송기,,정현우
20250608,잠실,경기종료,17:00,두산,롯데,2,4,,,감보아,김원중,곽빈
20250608,대구,경기종료,17:00,삼성,NC,1,0,,,후라도,,신영우
20250608,수원,경기종료,17:00,KT,SSG,2,3,,,박시후,조병현,쿠에바스
20250608,광주,경기종료,17:00,KIA,한화,7,6,,,정해영,,김종수
20250610,잠실,경기종료,18:30,LG,SSG,2,6,,,박시후,,손주영
20250610,수원,경기종료,18:30,KT,롯데,12,3,,,오원석,,박세웅
20250610,광주,경기종료,18:30,KIA,삼성,0,8,,,최원태,,네일
20250610,고척,경기종료,18:30,키움,NC,2,2,,,,,
20250610,대전(신),경기종료,18:30,한화,두산,6,2,,,와이스,김서현,콜어빈
20250611,잠실,경기종료,18:30,LG,SSG,6,4,,,박명근,장현식,이로운
20250611,수원,경기종료,18:30,KT,롯데,3,4,,,나균안,김원중,김민수
20250611,광주,경기종료,18:30,KIA,삼성,6,3,,,이준영,,김재윤
20250611,고척,경기종료,18:30,키움,NC,1,7,,,라일리,,하영민
20250611,대전(신),경기종료,18:30,한화,두산,9,1,,,조동욱,,최원준
20250612,잠실,경기종료,18:30,LG,SSG,8,6,,,치리노스,,박시후
20250612,수원,경기종료,18:30,KT,롯데,7,12,,,김원중,,박영현
20250612,광주,경기종료,18:30,KIA,삼성,1,2,,,이현,이호성,윤영철
20250612,고척,경기종료,18:30,키움,NC,6,8,,,류진욱,,이강준
20250612,대전(신),경기종료,18:30,한화,두산,3,2,,,주현상,김서현,잭로그
20250613,잠실,경기취소,18:30,두산,키움,,,최승용,알칸타라,,,
20250613,문학,경기취소,18:30,SSG,롯데,,,앤더슨,이민석,,,
20250613,대구,경기취소,18:30,삼성,KT,,,황동재,고영표,,,
20250613,창원,경기종료,18:30,NC,KIA,4,1,,,신민혁,,올러
20250613,대전(신),경기취소,18:30,한화,LG,,,황준서,임찬규,,,
20250614,잠실,경기종료,17:00,두산,키움,4,1,,,최용,김택연,알칸타라
20250614,문학,경기종료,17:00,SSG,롯데,2,4,,,감보아,김원중,김광현
20250614,대구,경기종료,17:00,삼성,KT,3,10,,,쿠에바스,,후라도
20250614,창원,경기종료,17:00,NC,KIA,8,9,,,양현종,,신영우
20250614,대전(신),경기종료,17:00,한화,LG,2,2,,,,,
20250615,잠실,경기종료,17:00,두산,키움,3,2,,,곽빈,김택연,정현우
20250615,문학,경기종료,17:00,SSG,롯데,1,0,,,앤더슨,조병현,이민석
20250615,대구,경기종료,17:00,삼성,KT,4,16,,,고영표,,최원태
20250615,창원,경기종료,17:00,NC,KIA,2,4,,,네일,정해영,로건
20250615,대전(신),경기종료,17:00,한화,LG,10,5,,,황준서,,송승기
20250617,잠실,경기종료,18:30,LG,NC,2,6,,,라일리,,에르난데스
20250617,사직,경기종료,18:30,롯데,한화,0,6,,,와이스,,데이비슨
20250617,대구,경기종료,18:30,삼성,두산,12,1,,,원태인,,콜어빈
20250617,광주,경기종료,18:30,KIA,KT,10,3,,,김도현,,헤이수스
20250617,고척,경기종료,18:30,키움,SSG,1,11,,,화이트,,김윤하
20250618,잠실,경기종료,18:30,LG,NC,9,8,,,유영찬,,류진욱
20250618,사직,경기종료,18:30,롯데,한화,6,3,,,김강현,김원중,엄상백
20250618,대구,경기종료,18:30,삼성,두산,6,3,,,김재윤,,김택연
20250618,광주,경기종료,18:30,KIA,KT,5,3,,,전상현,정해영,전용주
20250618,고척,경기종료,18:30,키움,SSG,3,2,,,하영민,원종현,김건우
20250619,잠실,경기종료,18:30,LG,NC,0,3,,,신민혁,류진욱,최채흥
20250619,사직,경기종료,18:30,롯데,한화,4,3,,,나균안,김원중,황준서
20250619,대구,경기종료,18:30,삼성,두산,8,9,,,이영하,김택연,배찬승
20250619,광주,경기종료,18:30,KIA,KT,5,0,,,올러,,배제성
20250619,고척,경기종료,18:30,키움,SSG,2,4,,,노경은,이로운,오석주
20250620,잠실,경기취소,18:30,LG,두산,,,에르난데스,최승용,,,
20250620,문학,경기취소,18:30,SSG,KIA,,,김광현,양현종,,,
20250620,사직,경기종료,18:30,롯데,삼성,3,1,,,감보아,김원중,김대호
20250620,수원,경기취소,18:30,KT,NC,,,쿠에바스,목지훈,,,
20250620,대전(신),경기취소,18:30,한화,키움,,,폰세,알칸타라,,,
20250621,잠실,경기종료,17:00,LG,두산,5,6,,,곽빈,김택연,손주영
20250621,문학,경기종료,17:00,SSG,KIA,5,5,,,,,
20250621,사직,경기취소,17:00,롯데,삼성,,,박세웅,최원태,,,
20250621,수원,경기종료,17:00,KT,NC,7,5,,,최용준,박영현,배재환
20250621,대전(신),경기취소,17:00,한화,키움,,,폰세,정현우,,,
20250622,잠실,경기종료,17:00,LG,두산,13,5,,,송기,,최승용
20250622,문학,경기종료,17:00,SSG,KIA,4,5,,,이호민,정해영,노경은
20250622,사직,경기종료,17:00,롯데,삼성,9,6,,,윤성빈,최준용,김태훈
20250622,수원,경기종료,17:00,KT,NC,0,2,,,로건,류진욱,쿠에바스
20250622,대전(신),경기종료,17:00,한화,키움,10,4,,,폰세,,알칸타라
20250624,잠실,경기종료,18:30,두산,SSG,5,0,,,박신지,,화이트
20250624,대구,경기취소,18:30,삼성,한화,,,최원태,와이스,,,
20250624,창원,경기취소,18:30,NC,롯데,,,라일리,데이비슨,,,
20250624,수원,경기종료,18:30,KT,LG,5,0,,,헤이수스,,치리노스
20250624,고척,경기종료,18:30,키움,KIA,9,6,,,이준우,주승우,최지민
20250625,잠실,경기취소,18:30,두산,SSG,,,콜어빈,김건우,,,
20250625,대구,경기종료,18:30,삼성,한화,7,2,,,후라도,,와이스
20250625,창원,경기종료,18:30,NC,롯데,7,2,,,라일리,,데이비슨
20250625,수원,경기취소,18:30,KT,LG,,,고영표,손주영,,,
20250625,고척,경기종료,18:30,키움,KIA,3,6,,,올러,,웰스
20250626,잠실,경기종료,18:30,두산,SSG,1,4,,,최민준,조병현,최지강
20250626,대구,경기종료,18:30,삼성,한화,1,3,,,문동주,김서현,육선엽
20250626,창원,경기종료,18:30,NC,롯데,6,7,,,감보아,김원중,이준혁
20250626,수원,경기종료,18:30,KT,LG,3,4,,,이정용,유영찬,박영현
20250626,고척,경기종료,18:30,키움,KIA,5,5,,,,,
20250627,잠실,경기종료,18:30,LG,KIA,4,3,,,김진성,유영찬,김대유
20250627,문학,경기종료,18:30,SSG,한화,8,6,,,김민,조병현,박상원
20250627,사직,경기종료,18:30,롯데,KT,8,11,,,배제성,박영현,최준용
20250627,창원,경기종료,18:30,NC,두산,10,9,,,배재환,류진욱,김택연
20250627,고척,경기종료,18:30,키움,삼성,5,4,,,조영건,주승우,이호성
20250628,잠실,경기종료,17:00,LG,KIA,8,9,,,성영탁,정해영,박명근
20250628,문학,경기종료,17:00,SSG,한화,2,5,,,폰세,김서현,앤더슨
20250628,사직,경기종료,17:00,롯데,KT,0,4,,,오원석,,나균안
20250628,창원,경기종료,17:00,NC,두산,3,1,,,로건,류진욱,박신지
20250628,고척,경기종료,17:00,키움,삼성,9,0,,,알칸타라,,원태인
20250629,고척,경기종료,14:00,키움,삼성,10,7,,,웰스,주승우,이승현
20250629,잠실,경기종료,17:00,LG,KIA,2,12,,,윤영철,,치리노스
20250629,문학,경기종료,17:00,SSG,한화,2,0,,,화이트,조병현,류현진
20250629,사직,경기종료,17:00,롯데,KT,10,5,,,박세웅,,쿠에바스
20250629,창원,경기종료,17:00,NC,두산,3,7,,,최용,김택연,김녹원
20250701,잠실,경기종료,18:30,두산,삼성,1,4,,,후라도,,최민석
20250701,사직,경기종료,18:30,롯데,LG,2,3,,,이정용,유영찬,데이비슨
20250701,수원,경기종료,18:30,KT,키움,3,7,,,박주성,,헤이수스
20250701,광주,경기종료,18:30,KIA,SSG,3,2,,,전상현,정해영,이로운
20250701,대전(신),경기종료,18:30,한화,NC,8,4,,,김범수,,김영규
20250702,잠실,경기종료,18:30,두산,삼성,5,0,,,콜어빈,,가라비토
20250702,사직,경기종료,18:30,롯데,LG,5,2,,,감보아,김원중,임찬규
20250702,수원,경기종료,18:30,KT,키움,4,2,,,소형준,박영현,하영민
20250702,광주,경기종료,18:30,KIA,SSG,5,8,,,김광현,조병현,이도현
20250702,대전(신),경기종료,18:30,한화,NC,0,2,,,목지훈,류진욱,문동주
20250703,잠실,경기종료,18:30,두산,삼성,4,6,,,김태훈,이호성,최지강
20250703,사직,경기종료,18:30,롯데,LG,2,0,,,최준용,김원중,장현식
20250703,수원,경기종료,18:30,KT,키움,6,2,,,고영표,박영현,정현우
20250703,광주,경기종료,18:30,KIA,SSG,3,2,,,전상현,정해영,전영준
20250703,대전(신),경기종료,18:30,한화,NC,7,7,,,,,
20250704,잠실,경기종료,18:30,두산,KT,3,6,,,오원석,박영현,잭로그
20250704,대구,경기종료,18:30,삼성,LG,4,1,,,이현,,송승기
20250704,창원,경기종료,18:30,NC,SSG,0,4,,,앤더슨,,로건
20250704,광주,경기종료,18:30,KIA,롯데,7,5,,,임기영,정해영,최준용
20250704,고척,경기종료,18:30,키움,한화,1,2,,,김종수,김서현,조영건
20250705,잠실,경기종료,18:00,두산,KT,6,2,,,최원준,,쿠에바스
20250705,대구,경기종료,18:00,삼성,LG,7,6,,,이현,이호성,이정용
20250705,창원,경기종료,18:00,NC,SSG,1,6,,,화이트,,조민석
20250705,광주,경기종료,18:00,KIA,롯데,13,0,,,김도현,,박세웅
20250705,고척,경기종료,18:00,키움,한화,4,6,,,주현상,한승혁,이준우
20250706,고척,경기종료,14:00,키움,한화,1,10,,,와이스,,박주성
20250706,잠실,경기종료,18:00,두산,KT,8,7,,,박치국,김택연,주권
20250706,대구,경기종료,18:00,삼성,LG,2,4,,,에르난데스,유영찬,후라도
20250706,창원,경기종료,18:00,NC,SSG,3,2,,,라일리,류진욱,김민
20250706,광주,경기종료,18:00,KIA,롯데,2,5,,,데이비슨,김원중,김건국
20250708,잠실,경기종료,18:30,LG,키움,4,3,,,김진성,유영찬,원종현
20250708,문학,경기종료,18:30,SSG,KT,7,1,,,노경은,,원상현
20250708,사직,경기종료,18:30,롯데,두산,5,8,,,박신지,김택연,김상수
20250708,창원,경기종료,18:30,NC,삼성,10,9,,,이준혁,류진욱,김태훈
20250708,대전(신),경기종료,18:30,한화,KIA,14,8,,,문동주,,윤영철
20250709,잠실,경기예정,18:30,LG,키움,,,손주영,정현우,,,
20250709,문학,경기예정,18:30,SSG,KT,,,문승원,소형준,,,
20250709,사직,경기예정,18:30,롯데,두산,,,이민석,곽빈,,,
20250709,창원,경기예정,18:30,NC,삼성,,,신민혁,최원태,,,
20250709,대전(신),경기예정,18:30,한화,KIA,,,엄상백,양현종,,,
20250710,잠실,경기예정,18:30,LG,키움,,,,,,,
20250710,문학,경기예정,18:30,SSG,KT,,,,,,,
20250710,사직,경기예정,18:30,롯데,두산,,,,,,,
20250710,창원,경기예정,18:30,NC,삼성,,,,,,,
20250710,대전(신),경기예정,18:30,한화,KIA,,,,,,,
20250717,잠실,경기예정,18:30,LG,롯데,,,,,,,
20250717,문학,경기예정,18:30,SSG,두산,,,,,,,
20250717,대구,경기예정,18:30,삼성,키움,,,,,,,
20250717,수원,경기예정,18:30,KT,한화,,,,,,,
20250717,광주,경기예정,18:30,KIA,NC,,,,,,,
20250718,잠실,경기예정,18:30,LG,롯데,,,,,,,
20250718,문학,경기예정,18:30,SSG,두산,,,,,,,
20250718,대구,경기예정,18:30,삼성,키움,,,,,,,
20250718,수원,경기예정,18:30,KT,한화,,,,,,,
20250718,광주,경기예정,18:30,KIA,NC,,,,,,,
20250719,잠실,경기예정,18:00,LG,롯데,,,,,,,
20250719,문학,경기예정,18:00,SSG,두산,,,,,,,
20250719,대구,경기예정,18:00,삼성,키움,,,,,,,
20250719,수원,경기예정,18:00,KT,한화,,,,,,,
20250719,광주,경기예정,18:00,KIA,NC,,,,,,,
20250720,잠실,경기예정,18:00,LG,롯데,,,,,,,
20250720,문학,경기예정,18:00,SSG,두산,,,,,,,
20250720,대구,경기예정,18:00,삼성,키움,,,,,,,
20250720,수원,경기예정,18:00,KT,한화,,,,,,,
20250720,광주,경기예정,18:00,KIA,NC,,,,,,,
20250722,잠실,경기예정,18:30,두산,한화,,,,,,,
20250722,대구,경기예정,18:30,삼성,SSG,,,,,,,
20250722,창원,경기예정,18:30,NC,KT,,,,,,,
20250722,광주,경기예정,18:30,KIA,LG,,,,,,,
20250722,고척,경기예정,18:30,키움,롯데,,,,,,,
20250723,잠실,경기예정,18:30,두산,한화,,,,,,,
20250723,대구,경기예정,18:30,삼성,SSG,,,,,,,
20250723,창원,경기예정,18:30,NC,KT,,,,,,,
20250723,광주,경기예정,18:30,KIA,LG,,,,,,,
20250723,고척,경기예정,18:30,키움,롯데,,,,,,,
20250724,잠실,경기예정,18:30,두산,한화,,,,,,,
20250724,대구,경기예정,18:30,삼성,SSG,,,,,,,
20250724,창원,경기예정,18:30,NC,KT,,,,,,,
20250724,광주,경기예정,18:30,KIA,LG,,,,,,,
20250724,고척,경기예정,18:30,키움,롯데,,,,,,,
20250725,잠실,경기예정,18:30,두산,LG,,,,,,,
20250725,사직,경기예정,18:30,롯데,KIA,,,,,,,
20250725,창원,경기예정,18:30,NC,키움,,,,,,,
20250725,수원,경기예정,18:30,KT,삼성,,,,,,,
20250725,대전(신),경기예정,18:30,한화,SSG,,,,,,,
20250726,잠실,경기예정,18:00,두산,LG,,,,,,,
20250726,사직,경기예정,18:00,롯데,KIA,,,,,,,
20250726,창원,경기예정,18:00,NC,키움,,,,,,,
20250726,수원,경기예정,18:00,KT,삼성,,,,,,,
20250726,대전(신),경기예정,18:00,한화,SSG,,,,,,,
20250727,잠실,경기예정,18:00,두산,LG,,,,,,,
20250727,사직,경기예정,18:00,롯데,KIA,,,,,,,
20250727,창원,경기예정,18:00,NC,키움,,,,,,,
20250727,수원,경기예정,18:00,KT,삼성,,,,,,,
20250727,대전(신),경기예정,18:00,한화,SSG,,,,,,,
20250729,잠실,경기예정,18:30,LG,KT,,,,,,,
20250729,문학,경기예정,18:30,SSG,키움,,,,,,,
20250729,사직,경기예정,18:30,롯데,NC,,,,,,,
20250729,광주,경기예정,18:30,KIA,두산,,,,,,,
20250729,대전(신),경기예정,18:30,한화,삼성,,,,,,,
20250730,잠실,경기예정,18:30,LG,KT,,,,,,,
20250730,문학,경기예정,18:30,SSG,키움,,,,,,,
20250730,사직,경기예정,18:30,롯데,NC,,,,,,,
20250730,광주,경기예정,18:30,KIA,두산,,,,,,,
20250730,대전(신),경기예정,18:30,한화,삼성,,,,,,,
20250731,잠실,경기예정,18:30,LG,KT,,,,,,,
20250731,문학,경기예정,18:30,SSG,키움,,,,,,,
20250731,사직,경기예정,18:30,롯데,NC,,,,,,,
20250731,광주,경기예정,18:30,KIA,두산,,,,,,,
20250731,대전(신),경기예정,18:30,한화,삼성,,,,,,,
20250801,잠실,경기예정,18:30,두산,SSG,,,,,,,
20250801,대구,경기예정,18:30,삼성,LG,,,,,,,
20250801,창원,경기예정,18:30,NC,KT,,,,,,,
20250801,광주,경기예정,18:30,KIA,한화,,,,,,,
20250801,고척,경기예정,18:30,키움,롯데,,,,,,,
20250802,잠실,경기예정,18:00,두산,SSG,,,,,,,
20250802,대구,경기예정,18:00,삼성,LG,,,,,,,
20250802,창원,경기예정,18:00,NC,KT,,,,,,,
20250802,광주,경기예정,18:00,KIA,한화,,,,,,,
20250802,고척,경기예정,18:00,키움,롯데,,,,,,,
20250803,고척,경기예정,14:00,키움,롯데,,,,,,,
20250803,잠실,경기예정,18:00,두산,SSG,,,,,,,
20250803,대구,경기예정,18:00,삼성,LG,,,,,,,
20250803,창원,경기예정,18:00,NC,KT,,,,,,,
20250803,광주,경기예정,18:00,KIA,한화,,,,,,,
20250805,잠실,경기예정,18:30,LG,두산,,,,,,,
20250805,문학,경기예정,18:30,SSG,삼성,,,,,,,
20250805,사직,경기예정,18:30,롯데,KIA,,,,,,,
20250805,창원,경기예정,18:30,NC,키움,,,,,,,
20250805,대전(신),경기예정,18:30,한화,KT,,,,,,,
20250806,잠실,경기예정,18:30,LG,두산,,,,,,,
20250806,문학,경기예정,18:30,SSG,삼성,,,,,,,
20250806,사직,경기예정,18:30,롯데,KIA,,,,,,,
20250806,창원,경기예정,18:30,NC,키움,,,,,,,
20250806,대전(신),경기예정,18:30,한화,KT,,,,,,,
20250807,잠실,경기예정,18:30,LG,두산,,,,,,,
20250807,문학,경기예정,18:30,SSG,삼성,,,,,,,
20250807,사직,경기예정,18:30,롯데,KIA,,,,,,,
20250807,창원,경기예정,18:30,NC,키움,,,,,,,
20250807,대전(신),경기예정,18:30,한화,KT,,,,,,,
20250808,잠실,경기예정,18:30,LG,한화,,,,,,,
20250808,사직,경기예정,18:30,롯데,SSG,,,,,,,
20250808,창원,경기예정,18:30,NC,KIA,,,,,,,
20250808,수원,경기예정,18:30,KT,삼성,,,,,,,
20250808,고척,경기예정,18:30,키움,두산,,,,,,,
20250809,잠실,경기예정,18:00,LG,한화,,,,,,,
20250809,사직,경기예정,18:00,롯데,SSG,,,,,,,
20250809,창원,경기예정,18:00,NC,KIA,,,,,,,
20250809,수원,경기예정,18:00,KT,삼성,,,,,,,
20250809,고척,경기예정,18:00,키움,두산,,,,,,,
20250810,고척,경기예정,14:00,키움,두산,,,,,,,
20250810,잠실,경기예정,18:00,LG,한화,,,,,,,
20250810,사직,경기예정,18:00,롯데,SSG,,,,,,,
20250810,창원,경기예정,18:00,NC,KIA,,,,,,,
20250810,수원,경기예정,18:00,KT,삼성,,,,,,,
20250812,잠실,경기예정,18:30,두산,NC,,,,,,,
20250812,문학,경기예정,18:30,SSG,키움,,,,,,,
20250812,대구,경기예정,18:30,삼성,KIA,,,,,,,
20250812,수원,경기예정,18:30,KT,LG,,,,,,,
20250812,대전(신),경기예정,18:30,한화,롯데,,,,,,,
20250813,잠실,경기예정,18:30,두산,NC,,,,,,,
20250813,문학,경기예정,18:30,SSG,키움,,,,,,,
20250813,대구,경기예정,18:30,삼성,KIA,,,,,,,
20250813,수원,경기예정,18:30,KT,LG,,,,,,,
20250813,대전(신),경기예정,18:30,한화,롯데,,,,,,,
20250814,잠실,경기예정,18:30,두산,NC,,,,,,,
20250814,문학,경기예정,18:30,SSG,키움,,,,,,,
20250814,대구,경기예정,18:30,삼성,KIA,,,,,,,
20250814,수원,경기예정,18:30,KT,LG,,,,,,,
20250814,대전(신),경기예정,18:30,한화,롯데,,,,,,,
20250815,잠실,경기예정,18:00,두산,KIA,,,,,,,
20250815,문학,경기예정,18:00,SSG,LG,,,,,,,
20250815,사직,경기예정,18:00,롯데,삼성,,,,,,,
20250815,창원,경기예정,18:00,NC,한화,,,,,,,
20250815,고척,경기예정,18:00,키움,KT,,,,,,,
20250816,잠실,경기예정,18:00,두산,KIA,,,,,,,
20250816,문학,경기예정,18:00,SSG,LG,,,,,,,
20250816,사직,경기예정,18:00,롯데,삼성,,,,,,,
20250816,창원,경기예정,18:00,NC,한화,,,,,,,
20250816,고척,경기예정,18:00,키움,KT,,,,,,,
20250817,고척,경기예정,14:00,키움,KT,,,,,,,
20250817,잠실,경기예정,18:00,두산,KIA,,,,,,,
20250817,문학,경기예정,18:00,SSG,LG,,,,,,,
20250817,사직,경기예정,18:00,롯데,삼성,,,,,,,
20250817,창원,경기예정,18:00,NC,한화,,,,,,,
20250819,잠실,경기예정,18:30,LG,롯데,,,,,,,
20250819,창원,경기예정,18:30,NC,삼성,,,,,,,
20250819,수원,경기예정,18:30,KT,SSG,,,,,,,
20250819,광주,경기예정,18:30,KIA,키움,,,,,,,
20250819,대전(신),경기예정,18:30,한화,두산,,,,,,,
20250820,잠실,경기예정,18:30,LG,롯데,,,,,,,
20250820,창원,경기예정,18:30,NC,삼성,,,,,,,
20250820,수원,경기예정,18:30,KT,SSG,,,,,,,
20250820,광주,경기예정,18:30,KIA,키움,,,,,,,
20250820,대전(신),경기예정,18:30,한화,두산,,,,,,,
20250821,잠실,경기예정,18:30,LG,롯데,,,,,,,
20250821,창원,경기예정,18:30,NC,삼성,,,,,,,
20250821,수원,경기예정,18:30,KT,SSG,,,,,,,
20250821,광주,경기예정,18:30,KIA,키움,,,,,,,
20250821,대전(신),경기예정,18:30,한화,두산,,,,,,,
20250822,잠실,경기예정,18:30,두산,KT,,,,,,,
20250822,대구,경기예정,18:30,삼성,키움,,,,,,,
20250822,창원,경기예정,18:30,NC,롯데,,,,,,,
20250822,광주,경기예정,18:30,KIA,LG,,,,,,,
20250822,대전(신),경기예정,18:30,한화,SSG,,,,,,,
20250823,잠실,경기예정,18:00,두산,KT,,,,,,,
20250823,대구,경기예정,18:00,삼성,키움,,,,,,,
20250823,창원,경기예정,18:00,NC,롯데,,,,,,,
20250823,광주,경기예정,18:00,KIA,LG,,,,,,,
20250823,대전(신),경기예정,18:00,한화,SSG,,,,,,,
20250824,잠실,경기예정,18:00,두산,KT,,,,,,,
20250824,대구,경기예정,18:00,삼성,키움,,,,,,,
20250824,창원,경기예정,18:00,NC,롯데,,,,,,,
20250824,광주,경기예정,18:00,KIA,LG,,,,,,,
20250824,대전(신),경기예정,18:00,한화,SSG,,,,,,,
20250826,잠실,경기예정,18:30,두산,삼성,,,,,,,
20250826,문학,경기예정,18:30,SSG,KIA,,,,,,,
20250826,사직,경기예정,18:30,롯데,KT,,,,,,,
20250826,창원,경기예정,18:30,NC,LG,,,,,,,
20250826,고척,경기예정,18:30,키움,한화,,,,,,,
20250827,잠실,경기예정,18:30,두산,삼성,,,,,,,
20250827,문학,경기예정,18:30,SSG,KIA,,,,,,,
20250827,사직,경기예정,18:30,롯데,KT,,,,,,,
20250827,창원,경기예정,18:30,NC,LG,,,,,,,
20250827,고척,경기예정,18:30,키움,한화,,,,,,,
20250828,잠실,경기예정,18:30,두산,삼성,,,,,,,
20250828,문학,경기예정,18:30,SSG,KIA,,,,,,,
20250828,사직,경기예정,18:30,롯데,KT,,,,,,,
20250828,창원,경기예정,18:30,NC,LG,,,,,,,
20250828,고척,경기예정,18:30,키움,한화,,,,,,,
20250829,잠실,경기예정,18:30,LG,키움,,,,,,,
20250829,문학,경기예정,18:30,SSG,NC,,,,,,,
20250829,사직,경기예정,18:30,롯데,두산,,,,,,,
20250829,수원,경기예정,18:30,KT,KIA,,,,,,,
20250829,대전(신),경기예정,18:30,한화,삼성,,,,,,,
20250830,잠실,경기예정,18:00,LG,키움,,,,,,,
20250830,문학,경기예정,18:00,SSG,NC,,,,,,,
20250830,사직,경기예정,18:00,롯데,두산,,,,,,,
20250830,수원,경기예정,18:00,KT,KIA,,,,,,,
20250830,대전(신),경기예정,18:00,한화,삼성,,,,,,,
20250831,잠실,경기예정,18:00,LG,키움,,,,,,,
20250831,문학,경기예정,18:00,SSG,NC,,,,,,,
20250831,사직,경기예정,18:00,롯데,두산,,,,,,,
20250831,수원,경기예정,18:00,KT,KIA,,,,,,,
20250831,대전(신),경기예정,18:00,한화,삼성,,,,,,,